{
  "model": "random_forest",
  "features": "engineered",
  "threshold": 0.3,
  "metrics": {
    "accuracy": 0.988,
    "precision": 0.8548387096774194,
    "recall": 0.7794117647058824,
    "f1": 0.8153846153846154
  },
  "confusion_matrix": [
    [
      1923,
      9
    ],
    [
      15,
      53
    ]
  ]
}